Stage,Total Reward,Average Reward,Total Steps,Good Decisions,Good Decision Rate,Interventions,Intervention Rate,Unnecessary Interventions,Unnecessary Intervention Rate,Gain vs Easy,Gain vs Medium
Easy,40048.5,0.36236099926710763,110521,72655,0.6573863790591833,31390,0.28401842183838366,23471,0.21236688050234798,0.0,-0.24113516888193187
Medium,66699.0,0.6034961681490395,110521,59386,0.5373277476678641,51377,0.46486188145239365,40099,0.3628179260050126,0.24113516888193187,0.0
Hard,191580.0,1.7334262266899503,110521,74412,0.6732838103165915,45221,0.4091620596990617,29508,0.266989983803983,1.3710652274228425,1.1299300585409107
