Comparison,Gain
Hard - Easy,1.371065227422843
Hard - Medium,1.129930058540911
